bib,name,gender,age,miles,finish_position,is_winner
139,Oliver Sheekey,M,21,54,1,1
164,Simon Cochrane,M,42,53,3,0
45,Dan Camac,M,30,53,2,0
11,Ben Griffiths,M,37,52,4,0
111,Ky Harris,M,20,51,5,0
62,Flynn Addicott,M,24,48,8,0
152,Ross Mcphee,M,51,49,6,0
46,Daniel Pratt,M,36,48,9,0
159,Shane Mallia,M,35,48,7,0
12,Ben Humphrey,M,33,47,10,0
7,Anthony Brown,M,46,46,11,0
64,Gibson Paxman,M,19,46,12,0
77,Jackson Addicott,M,22,46,13,0
53,David Woodall,M,34,46,14,0
122,Marshall Presser,M,31,46,15,0
105,Kate Mason,F,37,44,16,0
185,Carl Ashdown,M,37,43,17,0
137,Nick Pratt,M,33,42,18,0
117,Luke Mills,M,28,42,19,0
69,Henry Dietze,M,24,42,20,0
114,Leah Tomek,F,41,42,22,0
196,Prince Gamosa,M,25,42,23,0
112,Lachlan Boyd,M,49,42,21,0
89,James Roberts,M,24,41,24,0
34,Chris Dunne,M,39,41,25,0
119,Luke Slater,M,47,41,26,0
125,Maxwell Oliver,M,35,41,27,0
154,Sam Woodard,M,38,39,28,0
26,Callum Porter,M,28,38,29,0
120,Luke Southwell,M,30,38,30,0
21,Brandon Forbes,M,23,37,31,0
162,Simon Agostinelli,M,25,37,32,0
52,David Patterson,M,47,37,33,0
135,Nagiska Mayes,F,31,37,34,0
188,Jamie Ozimek,M,28,37,35,0
179,Tuan Le,M,23,37,36,0
85,James Harkess,M,34,36,37,0
28,Cam Moore,M,34,36,38,0
44,Dale Sutherland,M,39,36,39,0
197,Lucas Agosta,M,25,36,40,0
66,Hayden Ho,M,25,36,41,0
95,Jessica Marie Fresh,F,34,35,42,0
43,Craig Feuerherdt,M,51,35,43,0
15,Ben Stewart,M,39,34,44,0
81,Jaeman Pomare-Fraser,M,32,34,45,0
193,Sterling Presser,M,18,34,46,0
141,Ollie Roche,M,22,34,47,0
49,Darcy Nolan,M,32,34,48,0
51,David Keov,M,22,34,49,0
86,James Harper,M,50,34,50,0
173,Tom Cheshire,M,36,33,51,0
187,Billy Parker,M,31,33,52,0
133,Miguel Navarro,M,34,33,53,0
192,Julian Howard,M,27,33,54,0
136,Nicholas Bennett,M,32,33,55,0
175,Tom Lanyon,M,28,32,56,0
75,Jack Riddock,M,28,32,57,0
61,Emma-Rose Maber,F,46,32,58,0
5,Alex Duffy,M,28,32,59,0
54,Davis Morton,M,33,31,60,0
158,Sean Roos,M,42,31,61,0
160,Shannon Sierocinski,M,27,31,62,0
171,Tim Rowe,M,40,31,63,0
172,Tom Alderson,M,29,31,64,0
129,Michael Bascetta,M,36,31,65,0
78,Jacob Ford,M,27,31,66,0
183,William Bell,M,23,31,67,0
144,Paul Edwards,M,52,30,68,0
142,Patrick Herft,M,63,30,69,0
116,Lilli Anderson,F,26,30,70,0
68,Heath Middleton,M,47,30,71,0
27,Calum Dunn,M,28,30,72,0
17,Bill Barry,M,48,29,73,0
33,Chris Chatham,M,47,29,74,0
167,Taryn Boden,F,36,29,75,0
83,Jake Sygidus,M,23,29,76,0
130,Michael Cuffe,M,40,29,77,0
123,Mathew Wallace,M,26,28,78,0
23,Brendon Hyndman,M,41,28,79,0
101,Justin Campbell,M,32,28,80,0
70,Holly Gibbons,F,30,28,81,0
71,Ian Melrose,M,29,28,82,0
40,Corey Simmons,M,28,28,83,0
4,Alex Beyer,M,24,27,84,0
29,Chloe Laity,F,25,27,85,0
98,Josh Fisher,M,44,27,86,0
74,Jack Bakker,M,23,27,87,0
14,Ben Robinson,M,27,27,88,0
50,David Ball,M,61,27,89,0
148,Rebecca Chilton,F,27,27,90,0
190,Mathew Ozimek,M,22,27,91,0
25,Callum Jones,M,29,27,92,0
161,Shaun Sacca,M,36,27,93,0
2,Adrian Mannix,M,50,26,94,0
92,Jayden Vasica,M,25,26,95,0
65,Grant Mannix,M,41,26,96,0
20,Brad Clapham,M,46,26,97,0
22,Brandon McMeikin,M,36,26,98,0
80,Jacob Styles,M,33,26,99,0
115,Leon Bakker,M,54,26,100,0
84,Jake Telford,M,25,26,101,0
3,Alannah Day,F,28,25,102,0
60,Emily Drenovski,F,37,25,103,0
140,Olivia Nugent,F,46,25,104,0
118,Luke Price,M,32,25,105,0
37,Christian Knox,M,23,25,106,0
186,Jarrad Schwartz,M,38,25,107,0
16,Bianca Neill,F,36,25,108,0
189,Tamara Jackson,F,28,25,109,0
107,Keegan Valencic,M,35,25,110,0
109,Kenneth Kuy,M,23,25,111,0
166,Steven Keov,M,23,25,112,0
24,Cadel Howie,M,21,25,113,0
35,Chris Polidoras,M,36,24,114,0
113,Lachlan Rooney,M,30,24,115,0
156,Sarah Nihill,F,32,24,116,0
91,Jayden Bravo,M,28,24,117,0
131,Michelle Chan,F,50,24,118,0
102,Kale Frost,M,30,24,119,0
178,Trevor Marsh,M,65,24,120,0
58,Dylan Holmes,M,31,23,121,0
134,Monika Nichols,F,55,23,122,0
10,Ben Fleisner,M,45,22,123,0
39,Coreen Wessels,F,33,22,124,0
19,Brad Chant,M,44,22,125,0
149,Rebecca Hoban,F,43,21,126,0
181,Vicky Giancola,F,54,21,127,0
106,Keegan Dunsford,M,32,21,128,0
163,Simon Close,M,51,20,129,0
169,Ted Tolfree,M,45,20,130,0
87,James Poyner,M,43,20,131,0
110,Klint Thompson,M,51,19,132,0
145,Paul Matthews,M,41,19,133,0
103,Kasey Georgelin,M,41,18,134,0
165,Steven Currie,M,36,18,135,0
9,Ben Breen,M,42,17,136,0
191,Cody Beveridge,M,26,17,137,0
195,Lachlan Becirovic,M,28,17,138,0
48,Daniel Johnston,M,24,17,139,0
177,Tracey Nelson,F,39,17,140,0
55,Dayna Andrews,F,48,17,141,0
88,James Renzella,M,28,16,142,0
184,Arthur Arvanitis,M,28,15,143,0
6,Aliy Manikas,F,36,15,144,0
42,Courtney Smyth,F,31,15,145,0
73,Jack Archer,M,34,15,146,0
8,Bayden Fallon,M,31,14,147,0
104,Kasey Styles,F,32,14,148,0
132,Mick Marshall,M,57,14,149,0
1,Adrian Kivits,M,52,13,150,0
94,Jesse Haley,M,23,13,151,0
127,Mia Iuliano,F,23,13,152,0
100,Juan Rueda,M,40,12,153,0
150,Robert Macdonald,M,29,12,154,0
153,Ryan Pullens,M,30,12,155,0
76,Jack Van Den Driest,M,30,12,156,0
63,Franca Azzato,F,50,8,157,0
126,Melissa Jane Wolswinkel,F,39,8,158,0
194,Emma Bannan,F,29,7,159,0
182,Victoria James,F,34,8,160,0
147,Rachael Johnstone,F,37,5,161,0
151,Rod McCracken,M,52,4,162,0
31,Chris Benton,M,36,3,163,0
38,Claire Foreman,F,38,3,164,0
174,Tom Druitt,M,33,3,165,0
36,Christian Borg,M,23,2,166,0
47,Daniel Foot-connolly,M,35,2,167,0
56,Dean Foley,M,42,2,168,0
57,Dylan Grattan,M,24,2,169,0
72,Izak Damas,M,33,2,170,0
59,Eloise Wallace,F,46,2,171,0
67,Hayden Mackin,M,31,2,172,0
79,Jacob Hogan,M,25,2,173,0
82,Jake Oshaughnessy,M,25,2,174,0
99,Joshua Rollins,M,24,2,175,0
121,Marcel Ball,M,55,2,176,0
97,Jordon Sinclair,M,31,2,177,0
108,Kelly Conroy,F,30,2,178,0
96,Jody Daff,F,53,2,179,0
93,Jesse Ball,M,31,2,180,0
90,JASON KELL,M,50,2,181,0
128,Micah Baker,F,34,2,182,0
124,Matt McEvoy,M,36,2,183,0
146,Phil Ryan,M,60,2,184,0
157,Sean Mckinney,M,31,2,185,0
155,Sandy Melgalvis,F,42,2,186,0
168,Tash Bilyk,F,39,23,123,0
170,Theo Karafylidis,M,43,2,188,0
143,Patrick Spinazzola,M,30,2,189,0
18,Brad Alton,M,34,1,190,0
41,Courtney Nguyen,F,23,1,191,0
13,Ben Miller,M,33,1,192,0
30,Chloe Dawes,F,28,1,193,0
32,Chris Cavanagh,M,38,1,194,0
180,Vanessa Letico,F,30,1,195,0
176,Tom Noble,M,29,1,196,0
138,Nyssa Burrells,F,39,1,197,0
